Aarav,Yadav,9876543210,PG01,1,10
Anaya,Patel,9988776655,PG02,2,5
Advait,Singh,8765432109,PG03,1,15
Amara,Gupta,7654321098,PG04,2,3
Ahaan,Sharma,9876123456,PG05,1,7
Aanya,Verma,9999999999,PG01,2,12
Aditi,Kapoor,8888888888,PG02,1,9
Arjun,Singh,7777777777,PG03,2,6
Aaradhya,Sharma,6666666666,PG04,NULL,NULL
Anvi,Yadav,5555555555,PG05,NULL,NULL
Advika,Patel,4444444444,PG01,1,4
Aryan,Gupta,3333333333,PG02,NULL,NULL
Aahana,Singh,2222222222,PG03,2,18
Advaita,Verma,1111111111,PG04,NULL,NULL
Anya,Kapoor,9999888877,PG05,1,19
Advik,Sharma,8888999988,PG01,NULL,NULL
Aadhya,Singh,7777000011,PG02,NULL,NULL
Arnav,Yadav,6666111100,PG03,2,13
Anaya,Patel,5555222211,PG04,1,2
Advit,Gupta,4444333322,PG05,NULL,NULL
Aditya,Sharma,3333444455,PG01,2,16
Aahil,Verma,2222555566,PG02,NULL,NULL
Arush,Kapoor,1111666677,PG03,NULL,NULL
Amaira,Singh,9999000011,PG04,1,11
Avni,Yadav,8888111122,PG05,2,14
Anika,Patel,7777222233,PG01,NULL,NULL
Ayaan,Gupta,6666333344,PG02,1,1
Aarush,Singh,5555444455,PG03,NULL,NULL
Aarav,Verma,4444555566,PG04,2,8
Aarnav,Kapoor,3333666677,PG05,NULL,NULL
Anvi,Sharma,2222777788,PG01,NULL,NULL
Aaryan,Patel,1111000022,PG02,2,20
Aarya,Sharma,2222111133,PG03,NULL,NULL
Aayan,Verma,3333222244,PG04,1,17
Ahaana,Kapoor,4444333355,PG05,NULL,NULL
Aiza,Singh,5555444466,PG01,2,4
Aiza,Gupta,6666555577,PG02,NULL,NULL
Aizah,Yadav,7777666688,PG03,1,19
Aizah,Patel,8888777799,PG04,NULL,NULL
Aizah,Sharma,9999888800,PG05,1,14
Aizah,Verma,1111999900,PG01,2,16
Aizah,Singh,2222000011,PG02,NULL,NULL
Aizah,Patel,3333111122,PG03,1,9
Aizah,Gupta,4444222233,PG04,NULL,NULL
Aizah,Yadav,5555333344,PG05,2,12
Aizah,Kapoor,6666444455,PG01,NULL,NULL
Aizah,Singh,7777555566,PG02,1,3
Aizah,Sharma,8888666677,PG03,NULL,NULL
Aizah,Verma,9999777788,PG04,2,10
Aizah,Patel,1111888899,PG05,NULL,NULL
Vivan,Kumar,1111000022,PG02,2,20
Zara,Yadav,2222111133,PG03,NULL,NULL
Arnav,Verma,3333222244,PG04,1,17
Riya,Sharma,4444333355,PG05,NULL,NULL
Aiza,Singh,5555444466,PG01,2,4
Aiza,Gupta,6666555577,PG02,NULL,NULL
Aizah,Yadav,7777666688,PG03,1,19
Aizah,Patel,8888777799,PG04,NULL,NULL
Aizah,Sharma,9999888800,PG05,1,14
Aizah,Verma,1111999900,PG01,2,16
Aizah,Singh,2222000011,PG02,NULL,NULL
Aizah,Patel,3333111122,PG03,1,9
Aizah,Gupta,4444222233,PG04,NULL,NULL
Aizah,Yadav,5555333344,PG05,2,12
Aizah,Kapoor,6666444455,PG01,NULL,NULL
Aizah,Singh,7777555566,PG02,1,3
Aizah,Sharma,8888666677,PG03,NULL,NULL
Aizah,Verma,9999777788,PG04,2,10
Aizah,Patel,1111888899,PG05,NULL,NULL
